<?xml version="1.0" encoding="UTF-8"?>
<project-private xmlns="http://www.netbeans.org/ns/project-private/1">
    <editor-bookmarks xmlns="http://www.netbeans.org/ns/editor-bookmarks/2" lastBookmarkId="0"/>
    <open-files xmlns="http://www.netbeans.org/ns/projectui-open-files/2">
        <group>
            <file>file:/E:/APT%20New%20Labs/ProjectAPT/src/projectapt/Database.java</file>
            <file>file:/E:/APT%20New%20Labs/ProjectAPT/src/projectapt/Stemmer.java</file>
            <file>file:/E:/APT%20New%20Labs/ProjectAPT/src/projectapt/stopWordsRemover.java</file>
            <file>file:/E:/APT%20New%20Labs/ProjectAPT/src/projectapt/ProjectAPT.java</file>
            <file>file:/E:/APT%20New%20Labs/ProjectAPT/src/projectapt/Word.java</file>
            <file>file:/E:/APT%20New%20Labs/ProjectAPT/src/projectapt/StringStream.java</file>
            <file>file:/E:/APT%20New%20Labs/ProjectAPT/src/projectapt/Parser.java</file>
        </group>
    </open-files>
</project-private>
